{"Key":{"0":"a","1":"j","2":"k","3":"a","4":"s","5":"j","6":"space","7":"a","8":"s","9":"i","10":"o","11":"c","12":"a","13":"i","14":"s","15":"n","16":"c","17":"i","18":"a","19":"n","20":"w","21":"o","22":"n","23":"n","24":"a","25":"o","26":"i","27":"s","28":"c","29":"n","30":"a","31":"w","32":"o","33":"i","34":"a","35":"c","36":"s","37":"l","38":"j","39":"n","40":"u","41":"k"},"down":{"0":0.7522974014,"1":0.7938029766,"2":0.7972972393,"3":0.986297369,"4":1.0582971573,"5":1.1600868702,"6":1.2083013058,"7":1.3072972298,"8":1.3732979298,"9":1.6574065685,"10":1.6698913574,"11":1.7210640907,"12":1.8680698872,"13":1.943063736,"14":1.9852967262,"15":2.0689096451,"16":2.0932967663,"17":2.2192966938,"18":2.2219603062,"19":2.3392965794,"20":2.5610594749,"21":2.5729298592,"22":2.6631438732,"23":2.7708301544,"24":2.7978532314,"25":2.824883461,"26":2.8372962475,"27":2.9482963085,"28":2.9571151733,"29":3.0202960968,"30":3.1402962208,"31":3.2362961769,"32":3.3164825439,"33":3.3254909515,"34":3.5897278786,"35":3.6077442169,"36":3.6768057346,"37":3.742865324,"38":3.7568776608,"39":3.7578792572,"40":3.7578792572,"41":3.7658858299},"up":{"0":0.8243093491,"1":0.890339613,"2":0.8782975674,"3":1.1600868702,"4":1.2052977085,"5":1.220313549,"6":1.2653393745,"7":1.5110609531,"8":1.7210640907,"9":1.7898914814,"10":1.7390787601,"11":1.8380143642,"12":2.0689096451,"13":2.0145530701,"14":2.0932967663,"15":2.1408920288,"16":2.209949255,"17":2.3508942127,"18":2.3928935528,"19":2.4349126816,"20":2.6871688366,"21":2.6209797859,"22":2.7292962074,"23":2.8461360931,"24":2.9782965183,"25":2.9482963085,"26":2.9482963085,"27":3.0140650272,"28":3.1042964458,"29":3.1128988266,"30":3.2984669209,"31":3.295463562,"32":3.3915500641,"33":3.340503931,"34":3.7758948803,"35":3.8029191494,"36":3.7568776608,"37":3.8870034218,"38":3.8689854145,"39":3.8960130215,"40":3.8779938221,"41":3.8029191494},"holdTime":{"0":0.0720119476,"1":0.0965366364,"2":0.0810003281,"3":0.1737895012,"4":0.1470005512,"5":0.0602266788,"6":0.0570380688,"7":0.2037637234,"8":0.347766161,"9":0.1324849129,"10":0.0691874027,"11":0.1169502735,"12":0.2008397579,"13":0.0714893341,"14":0.1080000401,"15":0.0719823837,"16":0.1166524887,"17":0.1315975189,"18":0.1709332466,"19":0.0956161022,"20":0.1261093616,"21":0.0480499268,"22":0.0661523342,"23":0.0753059387,"24":0.1804432869,"25":0.1234128475,"26":0.111000061,"27":0.0657687187,"28":0.1471812725,"29":0.0926027298,"30":0.1581707001,"31":0.0591673851,"32":0.0750675201,"33":0.0150129795,"34":0.1861670017,"35":0.1951749325,"36":0.0800719261,"37":0.1441380978,"38":0.1121077538,"39":0.1381337643,"40":0.1201145649,"41":0.0370333195},"floatTime":{"0":-0.0305063725,"1":-0.0930423737,"2":0.1079998016,"3":-0.1017897129,"4":-0.0452108383,"5":-0.0120122433,"6":0.0419578552,"7":-0.1377630234,"8":-0.0636575222,"9":-0.120000124,"10":-0.0180146694,"11":0.0300555229,"12":-0.1258459091,"13":-0.0292563438,"14":-0.0243871212,"15":-0.0475952625,"16":0.0093474388,"17":-0.1289339066,"18":-0.0535969734,"19":0.1261467934,"20":-0.1142389774,"21":0.0421640873,"22":0.041533947,"23":-0.0482828617,"24":-0.1534130573,"25":-0.111000061,"26":0.0,"27":-0.0569498539,"28":-0.084000349,"29":0.0273973942,"30":-0.0621707439,"31":0.0210189819,"32":-0.0660591125,"33":0.2492239475,"34":-0.1681506634,"35":-0.1261134148,"36":-0.0140123367,"37":-0.130125761,"38":-0.1111061573,"39":-0.1381337643,"40":-0.1121079922,"41":null}}