{"Key":{"0":"a","1":"h","2":"a","3":"h","4":"a","5":"h","6":"a","7":"h","8":"a","9":"h","10":"a","11":"h","12":"a","13":"h","14":"a","15":"h","16":"a","17":"h","18":"a","19":"h","20":"a","21":"h","22":"a","23":"h","24":"a","25":"h","26":"a","27":"h"},"down":{"0":0.3139944077,"1":0.4910690784,"2":0.5721440315,"3":0.6862266064,"4":0.7733061314,"5":0.8814024925,"6":0.9895000458,"7":1.0825862885,"8":1.1905918121,"9":1.2715392113,"10":1.3826355934,"11":1.4695193768,"12":1.5740804672,"13":1.6611609459,"14":1.7662570477,"15":1.8443303108,"16":1.961045742,"17":2.0361256599,"18":2.1563649178,"19":2.2317209244,"20":2.3570187092,"21":2.4381051064,"22":2.5615696907,"23":2.6577208042,"24":2.7717206478,"25":2.8647203445,"26":2.9787211418,"27":3.0567238331},"up":{"0":0.4460289478,"1":0.557131052,"2":0.6469209194,"3":0.7462806702,"4":0.8723938465,"5":0.9444584846,"6":1.0615677834,"7":1.1450459957,"8":1.2625024319,"9":1.3255777359,"10":1.4577071667,"11":1.5290367603,"12":1.6491556168,"13":1.7212145329,"14":1.8353197575,"15":1.9068956375,"16":2.0421323776,"17":2.0967216492,"18":2.2407236099,"19":2.303488493,"20":2.4471142292,"21":2.4956679344,"22":2.6457207203,"23":2.729321003,"24":2.8467204571,"25":2.9303202629,"26":3.0537204742,"27":3.1257202625},"holdTime":{"0":0.1320345402,"1":0.0660619736,"2":0.0747768879,"3":0.0600540638,"4":0.0990877151,"5":0.0630559921,"6":0.0720677376,"7":0.0624597073,"8":0.0719106197,"9":0.0540385246,"10":0.0750715733,"11":0.0595173836,"12":0.0750751495,"13":0.060053587,"14":0.0690627098,"15":0.0625653267,"16":0.0810866356,"17":0.0605959892,"18":0.0843586922,"19":0.0717675686,"20":0.09009552,"21":0.0575628281,"22":0.0841510296,"23":0.0716001987,"24":0.0749998093,"25":0.0655999184,"26":0.0749993324,"27":0.0689964294},"floatTime":{"0":0.0450401306,"1":0.0150129795,"2":0.039305687,"3":0.0270254612,"4":0.009008646,"5":0.0450415611,"6":0.0210185051,"7":0.0455458164,"8":0.0090367794,"9":0.0570578575,"10":0.0118122101,"11":0.0450437069,"12":0.0120053291,"13":0.0450425148,"14":0.0090105534,"15":0.0541501045,"16":-0.0060067177,"17":0.0596432686,"18":-0.0090026855,"19":0.0535302162,"20":-0.0090091228,"21":0.0659017563,"22":0.0120000839,"23":0.0423996449,"24":0.0179998875,"25":0.0484008789,"26":0.0030033588,"27":null}}