{"Key":{"0":"h","1":"e","2":"l","3":"l","4":"o"},"down":{"0":0.3866505623,"1":0.5902636051,"2":0.8690531254,"3":1.0646505356,"4":1.559650898},"up":{"0":0.4676504135,"1":0.6506502628,"2":0.9502818584,"3":1.1542813778,"4":1.6402819157}}